"0","cat(paste(""‚úì Total de √≥rdenes analizadas:"", nrow(datos), ""\n""))"
"1","‚úì Total de √≥rdenes analizadas: 3972 
"
"0","cat(paste(""‚úì Periodo:"", min(datos$Fecha_Emision), ""a"", max(datos$Fecha_Emision), ""\n""))"
"1","‚úì Periodo: 2022-01-11 a 2025-08-29 
"
"0","cat(paste(""‚úì Monto total:"", format(sum(datos$Monto_limpio), big.mark = "",""), ""soles\n""))"
"1","‚úì Monto total: 95,008,767 soles
"
"0","cat(paste(""‚úì Proveedores √∫nicos:"", n_distinct(datos$RUC), ""\n\n""))"
"1","‚úì Proveedores √∫nicos: 1193 

"
"0","cat(""üî¥ ALERTAS CR√çTICAS:\n"")"
"1","üî¥ ALERTAS CR√çTICAS:
"
"0","cat(""-------------------\n"")"
"1","-------------------
"
"0","cat(paste(""‚Ä¢ Proveedores con fraccionamiento:"", nrow(casos_fraccionamiento), ""\n""))"
"1","‚Ä¢ Proveedores con fraccionamiento: 65 
"
"0","cat(paste(""‚Ä¢ √ìrdenes con sobreprecio:"", nrow(ordenes_precio_anomalo), ""\n""))"
"1","‚Ä¢ √ìrdenes con sobreprecio: 517 
"
"0","cat(paste(""‚Ä¢ Sobreprecio m√°ximo detectado:"", "
"0","          round(max(ordenes_precio_anomalo$Sobreprecio_Porcentaje), 1), ""%\n""))"
"1","‚Ä¢ Sobreprecio m√°ximo detectado: 1545 %
"
"0","cat(paste(""‚Ä¢ Proveedores nuevos (2023+) con contratos:"", nrow(proveedores_nuevos), ""\n""))"
"1","‚Ä¢ Proveedores nuevos (2023+) con contratos: 875 
"
"0","cat(paste(""‚Ä¢ Concentraci√≥n fin de a√±o promedio:"", "
"0","          round(mean(concentracion_fin_a√±o$Porcentaje_Fin_A√±o), 1), ""%\n\n""))"
"1","‚Ä¢ Concentraci√≥n fin de a√±o promedio: 51 %

"
